Branch,Semester,Subject Code,Subject Title,Type,Faculty Name(s)
CIVIL,Sem 1,"BSC101","Physics",THEORY,""
CIVIL,Sem 1,"BSC101L","Physics-Practical",LAB,""
CIVIL,Sem 1,"BSC103","Mathematics-I",THEORY,""
CIVIL,Sem 1,"ESC101","Basic Electrical Engineering",THEORY,""
CIVIL,Sem 1,"ESC101L","Basic Electrical Engineering Lab",LAB,""
CIVIL,Sem 1,"ESC102","Engineering Graphics & Design",THEORY,""
CIVIL,Sem 1,"ESC102L","Engineering Graphics & Design Lab",LAB,""
CIVIL,Sem 2,"BSC102","Chemistry",THEORY,""
CIVIL,Sem 2,"BSC102L","Chemistry Laboratory",LAB,""
CIVIL,Sem 2,"BSC104","Mathematics-II",THEORY,""
CIVIL,Sem 2,"ESC103","Programming for Problem Solving",THEORY,""
CIVIL,Sem 2,"ESC103L","Programming for Problem Solving Lab",LAB,""
CIVIL,Sem 2,"HSMC101","English",THEORY,""
CIVIL,Sem 2,"HSMC101L","English Language Lab",LAB,""
CIVIL,Sem 2,"ESC104","Workshop/Manufacturing Practices",THEORY,""
CIVIL,Sem 3,"BSC-105","Mathematics - III (Statistics, Probability, and Numerical Techniques)",THEORY,""
CIVIL,Sem 3,"ES 301CE","Surveying and Geomatics",THEORY,""
CIVIL,Sem 3,"PC 301CE","Introduction to Solid Mechanics",THEORY,""
CIVIL,Sem 3,"PC 302CE","Introduction to Fluid Mechanics",THEORY,""
CIVIL,Sem 3,"PC 303CE","Material Testing and Evaluation",THEORY,""
CIVIL,Sem 3,"ES401ME","Elements of Mechanical Engineering",THEORY,""
CIVIL,Sem 3,"MC 210","Environmental Science",THEORY,""
CIVIL,Sem 4,"HS 301MC","Managerial Economics and Accountancy",THEORY,""
CIVIL,Sem 4,"PC 401CE","Mechanics of Materials",THEORY,""
CIVIL,Sem 4,"PC 402CE","Structural Engineering",THEORY,""
CIVIL,Sem 4,"PC 403CE","Hydraulic Engineering",THEORY,""
CIVIL,Sem 4,"PC 404CE","Hydrology and Water Management",THEORY,""
CIVIL,Sem 4,"PC 405CE","Construction Engineering and Management",THEORY,""
CIVIL,Sem 4,"PC 401BS","Engineering Geology",THEORY,""
CIVIL,Sem 5,"HS 3101LA","Professional Practice Building Laws & Ethics",THEORY,""
CIVIL,Sem 5,"HS3102 LA","Law and Engineering",THEORY,""
CIVIL,Sem 5,"PC 3103 CE","Soil Mechanics",THEORY,""
CIVIL,Sem 5,"PC 3104 CE","Water Resource Engineering",THEORY,""
CIVIL,Sem 5,"PC 3105 CE","Theory of Structures",THEORY,""
CIVIL,Sem 5,"PC 3106 CE","Concrete Technology",THEORY,""
CIVIL,Sem 5,"MC 3107 CE","Disaster Management",THEORY,""
CIVIL,Sem 6,"PC 3201 CE","Environmental Engineering",THEORY,""
CIVIL,Sem 6,"PC 3202 CE","Design of Steel Structures",THEORY,""
CIVIL,Sem 6,"PC 3203 CE","Foundation Engineering",THEORY,""
CIVIL,Sem 6,"PC 3204 CE","Transportation Engineering",THEORY,""
CIVIL,Sem 6,"PE 3205 CE","Design of Irrigation Structures (Professional Elective-I)",THEORY,""
CIVIL,Sem 6,"PE 3206 CE","Air and Noise Pollution Control (Professional Elective-I)",THEORY,""
CIVIL,Sem 6,"PE 3207 CE","Pavement Construction and Management (Professional Elective-I)",THEORY,""
CIVIL,Sem 6,"PE 3208 CE","Advanced Design of Concrete Structures (Professional Elective-II)",THEORY,""
CIVIL,Sem 6,"PE 3209 CE","Ground Improvement Techniques (Professional Elective-II)",THEORY,""
CIVIL,Sem 6,"PE 3210 CE","Finite Element Method (Professional Elective-II)",THEORY,""
CIVIL,Sem 6,"PE 3211 CE","Structural Analysis (Professional Elective-III)",THEORY,""
CIVIL,Sem 6,"PE 3212 CE","Prestressed Concrete (Professional Elective-III)",THEORY,""
CIVIL,Sem 6,"PE 3213 CE","Geographic Information Systems (Professional Elective-III)",THEORY,""
CIVIL,Sem 6,"PC3211 CE","Green Building Technology",THEORY,""
CIVIL,Sem 7,"PC4101CE","Estimation Costing and Specification",THEORY,""
CIVIL,Sem 7,"PE4102 CE","Analysis and Design of Bridges (Professional Elective - IV)",THEORY,""
CIVIL,Sem 7,"PE4103 CE","Applied Hydrology (Professional Elective - IV)",THEORY,""
CIVIL,Sem 7,"PE4104 CE","Road Safety Engineering (Professional Elective - IV)",THEORY,""
CIVIL,Sem 7,"PE4105 CE","Retrofitting and Rehabilitation of Structures (Professional Elective - V)",THEORY,""
CIVIL,Sem 7,"PE4106 CE","Elements of Earth Quake Engineering (Professional Elective - V)",THEORY,""
CIVIL,Sem 7,"PE4107 CE","Finite Element Analysis (Professional Elective - V)",THEORY,""
CIVIL,Sem 7,"PE4108 CE","Railway Infrastructure Planning and Design (Professional Elective - VI)",THEORY,""
CIVIL,Sem 7,"PE4109CE","Ground Water Management (Professional Elective - VI)",THEORY,""
CIVIL,Sem 7,"PE4110 CE","Intelligent Transportation System (Professional Elective - VI)",THEORY,""
CIVIL,Sem 7,"OE4111 EC","Optimization Techniques (Open Elective - I)",THEORY,""
CIVIL,Sem 7,"OE4112 EC","Fundamentals of IOT (Open Elective - I)",THEORY,""
CIVIL,Sem 7,"OE4113 ME","Basic Material Science and Engineering (Open Elective - I)",THEORY,""
CIVIL,Sem 7,"OE4114 HS","IPR and Patenting (Open Elective - I)",THEORY,""
CIVIL,Sem 7,"PW4115CE","PROJECT WORK PART A",LAB,""
CIVIL,Sem 7,"PC4116 CE","Computer Aided Building Lab",LAB,""
CIVIL,Sem 8,"PE4201 CE","Advanced Concrete Technology (Professional Elective - VII)",THEORY,""
CIVIL,Sem 8,"PE4202 CE","Introduction to Environment Impact Assessment (Professional Elective - VII)",THEORY,""
CIVIL,Sem 8,"PE4203 CE","WaterShed Management (Professional Elective - VII)",THEORY,""
CIVIL,Sem 8,"PC4204 CE","Computer Aided Design and Drafting Lab",LAB,""
CIVIL,Sem 8,"PW4205 CE","PROJECT WORK PART B",LAB,""
CIVIL,Sem 8,"OE4201EE","Non-Conventional Energy Sources (Open Elective - II)",THEORY,""
CIVIL,Sem 8,"OE4204 CS","Information Security (Open Elective - II)",THEORY,""
CIVIL,Sem 8,"OE4205 EC","Nano Technology (Open Elective - II)",THEORY,""
CIVIL,Sem 8,"OE4206 HS","Startup Entrepreneurship (Open Elective - II)",THEORY,""
CIVIL,Sem 8,"OE4207 ME","Metallurgy Of Alloy Steels (Open Elective - II)",THEORY,""
CIVIL,Sem 8,"MC 42aHS","Yoga Practice (Mandatory Non Credit course)",THEORY,""
CIVIL,Sem 8,"MC 42b HS","NSS (Mandatory Non Credit course)",THEORY,""
CSD,Sem 1,"BSC101","Physics",THEORY,""
CSD,Sem 1,"BSC101L","Physics-Practical",LAB,""
CSD,Sem 1,"BSC103","Mathematics-I",THEORY,""
CSD,Sem 1,"ESC101","Basic Electrical Engineering",THEORY,""
CSD,Sem 1,"ESC101L","Basic Electrical Engineering Lab",LAB,""
CSD,Sem 1,"ESC102","Engineering Graphics & Design",THEORY,""
CSD,Sem 1,"ESC102L","Engineering Graphics & Design Lab",LAB,""
CSD,Sem 2,"BSC102","Chemistry",THEORY,""
CSD,Sem 2,"BSC102L","Chemistry Laboratory",LAB,""
CSD,Sem 2,"BSC104","Mathematics-II",THEORY,""
CSD,Sem 2,"ESC103","Programming for Problem Solving",THEORY,""
CSD,Sem 2,"ESC103L","Programming for Problem Solving Lab",LAB,""
CSD,Sem 2,"HSMC101","English",THEORY,""
CSD,Sem 2,"HSMC101L","English Language Lab",LAB,""
CSD,Sem 2,"ESC104","Workshop/Manufacturing Practices",THEORY,""
CSD,Sem 3,"BSC-301","Mathematics and Statistical Foundations",THEORY,""
CSD,Sem 3,"PCS-301","Data Structures using “C”",THEORY,""
CSD,Sem 3,"PCS-302","Computer Architecture & Organization",THEORY,""
CSD,Sem 3,"PCS-303","OOP Through JAVA",THEORY,""
CSD,Sem 3,"PCS-304","Elements of Computer Science",THEORY,""
CSD,Sem 3,"MC 310","Environment Science",THEORY,""
CSD,Sem 4,"PCS-401","Database Management Systems",THEORY,""
CSD,Sem 4,"PCS-401","Database Management Systems",THEORY,""
CSD,Sem 4,"PCS-402","Introduction to Data Science",THEORY,""
CSD,Sem 4,"PCS-403","Design and Analysis of Algorithms",THEORY,""
CSD,Sem 4,"ESC-401","Elements of Electrical and Electronics",THEORY,""
CSD,Sem 4,"PCS-404","Theory of Computation",THEORY,""
CSD,Sem 4,"MC 410","Constitution of India",THEORY,""
CSD,Sem 5,"PCS-501DS","Software Engineering",THEORY,""
CSD,Sem 5,"PCS-502DS","Operating System",THEORY,""
CSD,Sem 5,"PE5101CS","Web Programming (Professional Elective-I)",THEORY,""
CSD,Sem 5,"PE5102CS","Advanced JAVA (Professional Elective-I)",THEORY,""
CSD,Sem 5,"PE5103CS","Advanced Data Structures (Professional Elective-I)",THEORY,""
CSD,Sem 5,"PE5104CS","Fundamentals of AI (Professional Elective-I)",THEORY,""
CSD,Sem 5,"PCS-503DS","Data Mining",THEORY,""
CSD,Sem 5,"HS3108","Managerial Economics and Accountancy",THEORY,""
CSD,Sem 6,"PCS-601DS","Computer Networks",THEORY,""
CSD,Sem 6,"PCS-602DS","Introduction to Data Analytics & Visualization",THEORY,""
CSD,Sem 6,"PE6201CS","Software Project Management (Professional Elective-II)",LAB,""
CSD,Sem 6,"PE6202CS","Compiler Design (Professional Elective-II)",THEORY,""
CSD,Sem 6,"PE6203CS","Business Intelligence & Analytics (Professional Elective-II)",THEORY,""
CSD,Sem 6,"OE6201EC","Microprocessors And Interfacing (Open Elective-I)",THEORY,""
CSD,Sem 6,"OE6202EC","Embedded Systems Design (Open Elective-I)",THEORY,""
CSD,Sem 6,"OE6203EC","Fundamentals Of IOT (Open Elective-I)",THEORY,""
CSD,Sem 6,"PCS-603DS","Machine Learning",THEORY,""
CSD,Sem 7,"PE4101CS","Python Programming (Professional Elective - III)",THEORY,""
CSD,Sem 7,"PE4102CS","Software Testing (Professional Elective - IV)",THEORY,""
CSD,Sem 7,"PE4103CS","Object Oriented Analysis and Design (Professional Elective - IV)",THEORY,""
CSD,Sem 7,"PE4104CS","Machine Learning (Professional Elective - V)",THEORY,""
CSD,Sem 7,"PE4105CS","Soft Computing (Professional Elective - V)",THEORY,""
CSD,Sem 7,"PE4106CS","Cryptography& Network Security (Professional Elective - VI)",THEORY,""
CSD,Sem 7,"PE4107CS","Cloud Computing (Professional Elective - VI)",THEORY,""
CSD,Sem 7,"PE4109CS","Python Programming Lab (Professional Elective – III Lab)",LAB,""
CSD,Sem 7,"PE4110CS","Software Testing Lab (Professional Elective – IV Lab)",LAB,""
CSD,Sem 7,"PE4111CS","Object Oriented Analysis and Design Lab (Professional Elective – IV Lab)",LAB,""
CSD,Sem 7,"PW4108CS","Mini Project – II",LAB,""
CSD,Sem 8,"PE4201CS","Data Science (Professional Elective – VII)",THEORY,""
CSD,Sem 8,"PE4202CS","Big Data Analytics (Professional Elective – VII)",THEORY,""
CSD,Sem 8,"PE4203CS","Image Processing (Professional Elective – VIII)",THEORY,""
CSD,Sem 8,"PE4204CS","Pattern Recognition (Professional Elective – VIII)",THEORY,""
CSD,Sem 8,"OE4201EE","Non-Conventional Energy Sources (Open Elective – II)",THEORY,""
CSD,Sem 8,"OE4206EC","Basics of IoT (Open Elective – II)",THEORY,""
CSD,Sem 8,"OE4207ME","Basics of Alloy Steel Structures (Open Elective – II)",THEORY,""
CSD,Sem 8,"OE4208EC","VLSI Design (Open Elective – II)",THEORY,""
CSD,Sem 8,"PW4205CS","Project Work",LAB,""
CSD,Sem 8,"MC- 42aHS","Yoga Practice (Mandatory Non-Credit course)",THEORY,""
CSD,Sem 8,"MC- 42bHS","NSS (Mandatory Non-Credit course)",THEORY,""
CSE,Sem 1,"BSC101","Physics",THEORY,""
CSE,Sem 1,"BSC101L","Physics-Practical",LAB,""
CSE,Sem 1,"BSC103","Mathematics-I",THEORY,""
CSE,Sem 1,"ESC101","Basic Electrical Engineering",THEORY,""
CSE,Sem 1,"ESC101L","Basic Electrical Engineering Lab",LAB,""
CSE,Sem 1,"ESC102","Engineering Graphics & Design",THEORY,""
CSE,Sem 1,"ESC102L","Engineering Graphics & Design Lab",LAB,""
CSE,Sem 1,"ESC104","Engineering Mechanics",THEORY,""
CSE,Sem 2,"BSC102","Chemistry",THEORY,""
CSE,Sem 2,"BSC102L","Chemistry Laboratory",LAB,""
CSE,Sem 2,"BSC104","Mathematics-II",THEORY,""
CSE,Sem 2,"ESC103","Programming for Problem Solving",THEORY,""
CSE,Sem 2,"ESC103L","Programming for Problem Solving Lab using C",LAB,""
CSE,Sem 2,"ESC104","Workshop and Manufacturing Practices",THEORY,""
CSE,Sem 2,"HSMC101","English",THEORY,""
CSE,Sem 2,"HSMC101L","English Lab",LAB,""
CSE,Sem 3,"MC-210","Environmental Science",THEORY,""
CSE,Sem 3,"BSC105","Mathematics – III",THEORY,""
CSE,Sem 3,"ESC-301","Analog Electronics",THEORY,""
CSE,Sem 3,"ECC-301L","Analog Electronics Lab",LAB,""
CSE,Sem 3,"PCS-301","Data Structures using 'C'",THEORY,""
CSE,Sem 3,"PCS-301L","Data Structures Lab",LAB,""
CSE,Sem 3,"PCS-302","Computer Architecture & Organization",THEORY,""
CSE,Sem 3,"PCS-303L","IT Workshop Lab using C",LAB,""
CSE,Sem 4,"MC-220","Constitution of India",THEORY,""
CSE,Sem 4,"ESC-401","Digital Electronics",THEORY,""
CSE,Sem 4,"PCS-401","Mathematical Foundations in Computer Science",THEORY,""
CSE,Sem 4,"PCS-402","Design and Analysis of Algorithms",THEORY,""
CSE,Sem 4,"PCS-403","Operating Systems",THEORY,""
CSE,Sem 4,"PCS-403L","Operating Systems Lab",LAB,""
CSE,Sem 4,"PCS-404","OOP Through JAVA",THEORY,""
CSE,Sem 4,"PCS-404L","OOP Through JAVA Lab",LAB,""
CSE,Sem 5,"PC3101CS","Database Management Systems",THEORY,""
CSE,Sem 5,"PC3102CS","Theory of Computation",THEORY,""
CSE,Sem 5,"PE3103CS","Web Programming (Professional Elective – I)",THEORY,""
CSE,Sem 5,"PE3104CS","Advanced Java (Professional Elective – I)",THEORY,""
CSE,Sem 5,"PE3105CS","Dotnet Technologies (Professional Elective – I)",THEORY,""
CSE,Sem 5,"ES3106CS","Principles of Signals and Systems",THEORY,""
CSE,Sem 5,"HS3108-","Managerial Economics and Accountancy",THEORY,""
CSE,Sem 5,"PC3109CS","Database Management Systems Lab",LAB,""
CSE,Sem 5,"PE3110CS","Web Programming Lab (Professional Elective – I Lab)",LAB,""
CSE,Sem 5,"PE3111CS","Advanced Java Lab (Professional Elective – I Lab)",LAB,""
CSE,Sem 5,"PE3112CS","Dotnet Technologies Lab (Professional Elective – I Lab)",LAB,""
CSE,Sem 6,"PC3201CS","Compiler Design",THEORY,""
CSE,Sem 6,"PC3202CS","Computer Networks",THEORY,""
CSE,Sem 6,"PC3203CS","Software Engineering",THEORY,""
CSE,Sem 6,"PE3204CS","Artificial Intelligence (Professional Elective – II)",THEORY,""
CSE,Sem 6,"PE3205CS","Distributed Databases (Professional Elective – II)",THEORY,""
CSE,Sem 6,"PE3206CS","Mobile Application Development (Professional Elective – II)",THEORY,""
CSE,Sem 6,"OE3213EC","Microprocessors and Interfacing (Open Elective-I)",THEORY,""
CSE,Sem 6,"OE3207CS","Fundamentals of Data Structures (Open Elective-I)",THEORY,""
CSE,Sem 6,"PC3208CS","Compiler Design Lab",LAB,""
CSE,Sem 6,"PC3209CS","Software Engineering Lab",LAB,""
CSE,Sem 7,"PE4101CS","Python Programming (Professional Elective – III)",THEORY,""
CSE,Sem 7,"PE4102CS","Software Testing (Professional Elective – IV)",THEORY,""
CSE,Sem 7,"PE4103CS","Object Oriented Analysis and Design (Professional Elective – IV)",THEORY,""
CSE,Sem 7,"PE4104CS","Machine Learning (Professional Elective – V)",THEORY,""
CSE,Sem 7,"PE4105CS","Soft Computing (Professional Elective – V)",THEORY,""
CSE,Sem 7,"PE4106CS","Cryptography & Network Security (Professional Elective – VI)",THEORY,""
CSE,Sem 7,"PE4107CS","Cloud Computing (Professional Elective – VI)",THEORY,""
CSE,Sem 7,"PE4109CS","Python Lab (Professional Elective – III Lab)",LAB,""
CSE,Sem 7,"PE4110CS","Software Testing Lab (Professional Elective – IV Lab)",LAB,""
CSE,Sem 7,"PE4111CS","Object Oriented Analysis and Design Lab (Professional Elective – IV Lab)",LAB,""
CSE,Sem 8,"PE4201CS","Data Science (Professional Elective – VII)",THEORY,""
CSE,Sem 8,"PE4202CS","Big Data Analytics (Professional Elective – VII)",THEORY,""
CSE,Sem 8,"PE4203CS","Image Processing (Professional Elective – VIII)",THEORY,""
CSE,Sem 8,"PE4204CS","Pattern Recognition (Professional Elective – VIII)",THEORY,""
CSE,Sem 8,"OE4201EE","Non-Conventional Energy Sources (Open Elective – II)",THEORY,""
CSE,Sem 8,"OE4206EC","Basics of IoT (Open Elective – II)",THEORY,""
CSE,Sem 8,"OE4207ME","Basics of Alloy Steel Structures (Open Elective – II)",THEORY,""
CSE,Sem 8,"OE4208EC","VLSI Design (Open Elective – II)",THEORY,""
CSE,Sem 8,"MC- 42aHS","Yoga Practice (Mandatory Non-Credit course)",THEORY,""
CSE,Sem 8,"MC- 42bHS","NSS (Mandatory Non-Credit course)",THEORY,""
ECE,Sem 1,"BSC101","Physics",THEORY,""
ECE,Sem 1,"BSC101L","Physics-Practical",LAB,""
ECE,Sem 1,"BSC103","Mathematics-I",THEORY,""
ECE,Sem 1,"ESC101","Basic Electrical Engineering",THEORY,""
ECE,Sem 1,"ESC101L","Basic Electrical Engineering Lab",LAB,""
ECE,Sem 1,"ESC102","Engineering Graphics & Design",THEORY,""
ECE,Sem 1,"ESC102L","Engineering Graphics & Design Lab",LAB,""
ECE,Sem 1,"ESC104","Engineering Mechanics",THEORY,""
ECE,Sem 2,"BSC102","Chemistry",THEORY,""
ECE,Sem 2,"BSC102L","Chemistry Laboratory",LAB,""
ECE,Sem 2,"BSC104","Mathematics-II",THEORY,""
ECE,Sem 2,"ESC103","Programming for Problem Solving",THEORY,""
ECE,Sem 2,"ESC103L","Programming for Problem Solving Lab using C",LAB,""
ECE,Sem 2,"ESC104","Workshop and Manufacturing Practices",THEORY,""
ECE,Sem 2,"HSMC101","English",THEORY,""
ECE,Sem 2,"HSMC101L","English Lab",LAB,""
ECE,Sem 3,"BSC 105","Mathematics – III",THEORY,""
ECE,Sem 3,"HS 901 MB","Managerial Economics and Accountancy",THEORY,""
ECE,Sem 3,"PC 301 EC","Electronics Devices and Circuits",THEORY,""
ECE,Sem 3,"PC 302 EC","Digital System Design",THEORY,""
ECE,Sem 3,"PC 303 EC","Signals and Systems",THEORY,""
ECE,Sem 3,"PC 304 EC","Network Analysis and Synthesis",THEORY,""
ECE,Sem 3,"MC-220","Constitution of Indian",THEORY,""
ECE,Sem 3,"PC 351 EC","Electronics Devices and Circuits Laboratory",LAB,""
ECE,Sem 3,"PC 352 EC","Digital System Design Laboratory",LAB,""
ECE,Sem 4,"PC 401 EC","Analog Electronic Circuits",THEORY,""
ECE,Sem 4,"PC 402 EC","Stochastic Processes",THEORY,""
ECE,Sem 4,"PC 403 EC","Electromagnetic Waves and Transmission Lines",THEORY,""
ECE,Sem 4,"PC 404 EC","Pulse and Integrated Circuits",THEORY,""
ECE,Sem 4,"PC 405 EC","Computer Architecture and Organization",THEORY,""
ECE,Sem 4,"ES 401 EI","Electronic Measurements and Instrumentation",THEORY,""
ECE,Sem 4,"MC 210","Environmental Science",THEORY,""
ECE,Sem 4,"PC 451 EC","Analog Electronic Circuits Laboratory",LAB,""
ECE,Sem 4,"PC 452 EC","Pulse and Integrated Circuits Laboratory",LAB,""
ECE,Sem 5,"PC3101EC","Control System Engineering",THEORY,""
ECE,Sem 5,"PC3102EC","Analog and Digital Communication",THEORY,""
ECE,Sem 5,"PC3103EC","Microprocessor and Microcontroller",THEORY,""
ECE,Sem 5,"PC3104EC","Antenna Wave Propagation",THEORY,""
ECE,Sem 5,"PE3105EC","Digital System Design using Verilog HDL (Professional Elective – I)",THEORY,""
ECE,Sem 5,"PE3106EC","Bio-Medical Electronics (Professional Elective – I)",THEORY,""
ECE,Sem 5,"HS3108LW","Law and Engineering",THEORY,""
ECE,Sem 5,"PC3109EC","Analog and Digital Communication Laboratory",LAB,""
ECE,Sem 5,"PC3110EC","Microprocessor and Microcontroller Laboratory",LAB,""
ECE,Sem 6,"PC3201EC","Digital Signal Processing",THEORY,""
ECE,Sem 6,"PC3202EC","VLSI Design",THEORY,""
ECE,Sem 6,"PC3203EC","Data Communication and Computer Networks",THEORY,""
ECE,Sem 6,"PE3204EC","Embedded System Design (Professional Elective – II)",THEORY,""
ECE,Sem 6,"PE3206EC","Artificial Neural Networks and Fuzzy Logic (Professional Elective – II)",THEORY,""
ECE,Sem 6,"PE3206EC","Adaptive Filter Theory and Applications (Professional Elective – II)",THEORY,""
ECE,Sem 6,"PE3207EC","Optical Communications (Professional Elective – II)",THEORY,""
ECE,Sem 6,"PE3208EC","Information Theory and Coding (Professional Elective – III)",THEORY,""
ECE,Sem 6,"PE3209EC","Wireless Communications (Professional Elective – III)",THEORY,""
ECE,Sem 6,"PE3210EC","Radar Engineering (Professional Elective – III)",THEORY,""
ECE,Sem 6,"OE3213EC","Microprocessors and Interfacing (Open Elective-I)",THEORY,""
ECE,Sem 6,"OE3207CS","Fundamentals of Data Structures (Open Elective-I)",THEORY,""
ECE,Sem 6,"PC3214EC","Digital Signal Processing Laboratory",LAB,""
ECE,Sem 6,"PC3215EC","Electronic Design and Automation Laboratory",LAB,""
ECE,Sem 7,"PC4101EC","Microwave Engineering",THEORY,""
ECE,Sem 7,"PEIV4102EC","Satellite Communications (Professional Elective-IV)",THEORY,""
ECE,Sem 7,"PEIV4103EC","Wavelet Theory and Applications (Professional Elective-IV)",THEORY,""
ECE,Sem 7,"PEIV4104EC","Fault Detection in Digital Systems (Professional Elective-IV)",THEORY,""
ECE,Sem 7,"PEV4105EC","Digital Image Processing (Professional Elective-V)",THEORY,""
ECE,Sem 7,"PEV4106EC","Internet of Things (Professional Elective-V)",THEORY,""
ECE,Sem 7,"PEV4107EC","Low Power VLSI Design (Professional Elective-V)",THEORY,""
ECE,Sem 7,"OEII4108HS","Disaster Management (Open Elective-II)",THEORY,""
ECE,Sem 7,"OEII4109EE","Non-Conventional Energy Sources (Open Elective-II)",THEORY,""
ECE,Sem 7,"OEII4110HS","Startup Enterprenurship (Open Elective-II)",THEORY,""
ECE,Sem 7,"PC4111EC","Microwave Engineering Lab",LAB,""
ECE,Sem 8,"PE-4201EE","Non-Conventional Energy Sources (Professional Elective – V)",THEORY,""
ECE,Sem 8,"PE-4202EE","Special Electrical Machines (Professional Elective – V)",THEORY,""
ECE,Sem 8,"PE-4203EE","AI Techniques in Electrical Engineering (Professional Elective – V)",THEORY,""
ECE,Sem 8,"PE-4204EE","Smart Grid Technologies (Professional Elective – VI)",THEORY,""
ECE,Sem 8,"PE-4205EE","Machine Modelling and analysis (Professional Elective – VI)",THEORY,""
ECE,Sem 8,"PE-4206EE","Modern Power Electronics (Professional Elective – VI)",THEORY,""
ECE,Sem 8,"OE-4207ME","Optimization Techniques (Open Elective – III)",THEORY,""
ECE,Sem 8,"OE-4208EC","Embedded System Design (Open Elective – III)",THEORY,""
ECE,Sem 8,"OE-4209CS","Information Security (Open Elective – III)",THEORY,""
ECE,Sem 8,"OE-4210HS","Start-up entrepreneurship (Open Elective – III)",THEORY,""
ECE,Sem 8,"PC-4211EE","Electrical Simulation Lab",LAB,""
EEE,Sem 1,"BSC101","Physics",THEORY,""
EEE,Sem 1,"BSC101L","Physics-Practical",LAB,""
EEE,Sem 1,"BSC103","Mathematics-I",THEORY,""
EEE,Sem 1,"ESC101","Basic Electrical Engineering",THEORY,""
EEE,Sem 1,"ESC101L","Basic Electrical Engineering Lab",LAB,""
EEE,Sem 1,"ESC102","Engineering Graphics & Design",THEORY,""
EEE,Sem 1,"ESC102L","Engineering Graphics & Design Lab",LAB,""
EEE,Sem 1,"ESC104","Engineering Mechanics",THEORY,""
EEE,Sem 2,"BSC102","Chemistry",THEORY,""
EEE,Sem 2,"BSC102L","Chemistry Laboratory",LAB,""
EEE,Sem 2,"BSC104","Mathematics-II",THEORY,""
EEE,Sem 2,"ESC103","Programming for Problem Solving",THEORY,""
EEE,Sem 2,"ESC103L","Programming for Problem Solving Lab using C",LAB,""
EEE,Sem 2,"ESC104","Workshop and Manufacturing Practices",THEORY,""
EEE,Sem 2,"HSMC101","English",THEORY,""
EEE,Sem 2,"HSMC101L","English Lab",LAB,""
EEE,Sem 3,"EE211","Electrical Circuits - I",THEORY,""
EEE,Sem 3,"EE212","Electrical Machines-I",THEORY,""
EEE,Sem 3,"EE213","Power Systems - I",THEORY,""
EEE,Sem 3,"EE214","Electro Magnetic Fields",THEORY,""
EEE,Sem 3,"EE215","Analog Electronics",THEORY,""
EEE,Sem 3,"EE216L","Analog Electronics Laboratory",LAB,""
EEE,Sem 3,"EE217L","Computer Aided Electrical Drawing Laboratory",LAB,""
EEE,Sem 4,"EE221","Electrical Circuits - II",THEORY,""
EEE,Sem 4,"EE222","Electrical Machines - II",THEORY,""
EEE,Sem 4,"EE223","Power Systems - II",THEORY,""
EEE,Sem 4,"EE224","Power Electronics",THEORY,""
EEE,Sem 4,"EE225","Digital Electronics and Logic Design",THEORY,""
EEE,Sem 4,"EE226L","Electrical Circuits Laboratory",LAB,""
EEE,Sem 4,"EE227L","Electrical Machines Laboratory - I",LAB,""
EEE,Sem 4,"EE228L","Digital Electronics and Logic Design Laboratory",LAB,""
EEE,Sem 5,"PC3101EE","Linear Control Systems",THEORY,""
EEE,Sem 5,"PC3102EE","Electrical Machines - III",THEORY,""
EEE,Sem 5,"PC3103EE","Linear IC Applications",THEORY,""
EEE,Sem 5,"PE3104EE","Utilization of Electrical Energy (Professional Elective-I)",THEORY,""
EEE,Sem 5,"PE3105EE","High Voltage Engineering (Professional Elective-I)",THEORY,""
EEE,Sem 5,"PE3106EE","Electric Machine Design (Professional Elective-I)",THEORY,""
EEE,Sem 5,"PC3107EE","Measurements and Instrumentation",THEORY,""
EEE,Sem 5,"PC3109EE","Electrical Machines-II Laboratory",LAB,""
EEE,Sem 5,"PC3110EE","Measurements and Instrumentation Laboratory",LAB,""
EEE,Sem 6,"PC3201EE","Power Semiconductor Drives",THEORY,""
EEE,Sem 6,"PC3202EE","Switchgear and Protection",THEORY,""
EEE,Sem 6,"PC3203EE","Power System Operation and Control",THEORY,""
EEE,Sem 6,"PE3204EE","Electrical Distribution System (Professional Elective – II)",THEORY,""
EEE,Sem 6,"PE3205EE","Electrical Energy Conservation and Auditing (Professional Elective – II)",THEORY,""
EEE,Sem 6,"PE3206EE","Hybrid Electric Vehicles (Professional Elective – II)",THEORY,""
EEE,Sem 6,"PC3210EE","Microprocessor Systems Laboratory",LAB,""
EEE,Sem 6,"PC3211EE","Linear Control Systems Laboratory",LAB,""
EEE,Sem 7,"PC-4101EE","Power System Analysis",THEORY,""
EEE,Sem 7,"PE-4102EE","Flexible AC Transmission Systems (Professional Elective-III)",THEORY,""
EEE,Sem 7,"PE-4103EE","Industrial Electrical Systems (Professional Elective-III)",THEORY,""
EEE,Sem 7,"PE-4104EE","Power System Reliability (Professional Elective-III)",THEORY,""
EEE,Sem 7,"PE-4105EE","Digital Control System (Professional Elective-IV)",THEORY,""
EEE,Sem 7,"PE-4106EE","HVDC Transmission System (Professional Elective-IV)",THEORY,""
EEE,Sem 7,"PE-4107EE","Power Quality Engineering (Professional Elective-IV)",THEORY,""
EEE,Sem 7,"OEII4108HS","Disaster Management (Open Elective-II)",THEORY,""
EEE,Sem 7,"OEII4109EE","Non-Conventional Energy Sources (Open Elective-II)",THEORY,""
EEE,Sem 7,"OEII4110HS","Startup Enterprenurship (Open Elective-II)",THEORY,""
EEE,Sem 7,"PC-4112EE","Power Systems Laboratory",LAB,""
EEE,Sem 7,"PC-4113EE","Power Electronics and Drives Laboratory",LAB,""
EEE,Sem 8,"PE-4201EE","Non-Conventional Energy Sources (Professional Elective-V)",THEORY,""
EEE,Sem 8,"PE-4202EE","Special Electrical Machines (Professional Elective-V)",THEORY,""
EEE,Sem 8,"PE-4203EE","AI Techniques in Electrical Engineering (Professional Elective-V)",THEORY,""
EEE,Sem 8,"PE-4204EE","Smart Grid Technologies (Professional Elective-VI)",THEORY,""
EEE,Sem 8,"PE-4205EE","Machine Modelling and Analysis (Professional Elective-VI)",THEORY,""
EEE,Sem 8,"PE-4206EE","Modern Power Electronics (Professional Elective-VI)",THEORY,""
EEE,Sem 8,"OE-4207ME","Optimization Techniques (Open Elective-III)",THEORY,""
EEE,Sem 8,"OE-4208EC","Embedded System Design (Open Elective-III)",THEORY,""
EEE,Sem 8,"OE-4209CS","Information Security (Open Elective-III)",THEORY,""
EEE,Sem 8,"OE-4210HS","Start-up Enterpreneurship (Open Elective-III)",THEORY,""
EEE,Sem 8,"PC-4211EE","Electrical Simulation Lab",LAB,""
IT,Sem 1,"BSC101","Physics",THEORY,""
IT,Sem 1,"BSC101L","Physics-Practical",LAB,""
IT,Sem 1,"BSC103","Mathematics-I",THEORY,""
IT,Sem 1,"ESC101","Basic Electrical Engineering",THEORY,""
IT,Sem 1,"ESC101L","Basic Electrical Engineering Lab",LAB,""
IT,Sem 1,"ESC102","Engineering Graphics & Design",THEORY,""
IT,Sem 1,"ESC102L","Engineering Graphics & Design Lab",LAB,""
IT,Sem 1,"ESC104","Engineering Mechanics",THEORY,""
IT,Sem 2,"BSC102","Chemistry",THEORY,""
IT,Sem 2,"BSC102L","Chemistry Laboratory",LAB,""
IT,Sem 2,"BSC104","Mathematics-II",THEORY,""
IT,Sem 2,"ESC103","Programming for Problem Solving",THEORY,""
IT,Sem 2,"ESC103L","Programming for Problem Solving Lab using C",LAB,""
IT,Sem 2,"ESC104","Workshop and Manufacturing Practices",THEORY,""
IT,Sem 2,"HSMC101","English",THEORY,""
IT,Sem 2,"HSMC101L","English Lab",LAB,""
IT,Sem 3,"MC-210","Environmental Science",THEORY,""
IT,Sem 3,"BSC301","Mathematics – III",THEORY,""
IT,Sem 3,"ESC301","Analog Electronics",THEORY,""
IT,Sem 3,"ECC301L","Analog Electronics Lab",LAB,""
IT,Sem 3,"PCS301","Data Structures using 'C'",THEORY,""
IT,Sem 3,"PCS301L","Data Structures Lab",LAB,""
IT,Sem 3,"PCS302","Computer Architecture & Organization",THEORY,""
IT,Sem 3,"PCS303L","IT Workshop Lab using C",LAB,""
IT,Sem 4,"MC220","Constitution of India",THEORY,""
IT,Sem 4,"ESC401","Digital Electronics",THEORY,""
IT,Sem 4,"PCS401","Mathematical Foundations in Computer Science",THEORY,""
IT,Sem 4,"PCS402","Design and Analysis of Algorithms",THEORY,""
IT,Sem 4,"PCS403","Operating Systems",THEORY,""
IT,Sem 4,"PCS403L","Operating Systems Lab",LAB,""
IT,Sem 4,"PCS404","OOP Through JAVA",THEORY,""
IT,Sem 4,"PCS404L","OOP Through JAVA Lab",LAB,""
IT,Sem 5,"PC3101IT","Database Management Systems",THEORY,""
IT,Sem 5,"PC3102IT","Theory of Computation",THEORY,""
IT,Sem 5,"ES3103IT","Principles of Signals and Systems",THEORY,""
IT,Sem 5,"PE3104IT","Web Programming (Professional Elective – I)",THEORY,""
IT,Sem 5,"PE3105IT","Advanced Java (Professional Elective – I)",THEORY,""
IT,Sem 5,"PE3106IT","Advanced Data Structures (Professional Elective – I)",THEORY,""
IT,Sem 5,"HS3108-","Managerial Economics and Accountancy",THEORY,""
IT,Sem 5,"PC3109IT","Database Management Systems Lab",LAB,""
IT,Sem 5,"PE3110IT","Web Programming Lab (Professional Elective – I Lab)",LAB,""
IT,Sem 5,"PE3111IT","Advanced Java Lab (Professional Elective – I Lab)",LAB,""
IT,Sem 5,"PE3112IT","Advanced Data Structures Lab (Professional Elective – I Lab)",LAB,""
IT,Sem 6,"PC3201IT","Compiler Design",THEORY,""
IT,Sem 6,"PC3202IT","Computer Networks",THEORY,""
IT,Sem 6,"PC3203IT","Software Engineering",THEORY,""
IT,Sem 6,"PE3204IT","Advanced Database Management Systems (Professional Elective – II)",THEORY,""
IT,Sem 6,"PE3205IT","Advanced Operating Systems (Professional Elective – II)",THEORY,""
IT,Sem 6,"PE3206IT","Computer Graphics (Professional Elective – II)",THEORY,""
IT,Sem 6,"OE3213EC","Microprocessors and Interfacing (Open Elective-I)",THEORY,""
IT,Sem 6,"OE3207CS","Fundamentals of Data Structures (Open Elective-I)",THEORY,""
IT,Sem 6,"PC3208IT","Compiler Design Lab",LAB,""
IT,Sem 6,"PC3209IT","Software Engineering Lab",LAB,""
IT,Sem 7,"PE4101IT","Python Programming (Professional Elective - III)",THEORY,""
IT,Sem 7,"PE4102IT","Software Testing (Professional Elective - IV)",THEORY,""
IT,Sem 7,"PE4103IT","Object Oriented Analysis and Design (Professional Elective - IV)",THEORY,""
IT,Sem 7,"PE4104IT","Artificial Intelligence (Professional Elective - V)",THEORY,""
IT,Sem 7,"PE4105IT","Mobile Application Development (Professional Elective - V)",THEORY,""
IT,Sem 7,"PE4106IT","Cryptography& Information Security (Professional Elective - VI)",THEORY,""
IT,Sem 7,"PE4107IT","Big Data Analytics (Professional Elective - VI)",THEORY,""
IT,Sem 7,"PE4109IT","Python Lab (Professional Elective – III Lab)",LAB,""
IT,Sem 7,"PE4110IT","Software Testing Lab (Professional Elective – IV Lab)",LAB,""
IT,Sem 7,"PE4111IT","Object Oriented Analysis and Design Lab (Professional Elective – IV Lab)",LAB,""
IT,Sem 7,"PW4108IT","Mini Project – II",LAB,""
IT,Sem 8,"PE4201IT","Machine Learning (Professional Elective – VII)",THEORY,""
IT,Sem 8,"PE4202IT","Data Science (Professional Elective – VII)",THEORY,""
IT,Sem 8,"PE4203IT","Image Processing (Professional Elective – VIII)",THEORY,""
IT,Sem 8,"PE4204IT","Cloud Computing (Professional Elective – VIII)",THEORY,""
IT,Sem 8,"OE4201EE","Non-Conventional Energy Sources (Open Elective – II)",THEORY,""
IT,Sem 8,"OE4206EC","Basics of IoT (Open Elective – II)",THEORY,""
IT,Sem 8,"OE4207ME","Basics of Alloy Steel Structures (Open Elective – II)",THEORY,""
IT,Sem 8,"OE4208EC","VLSI Design (Open Elective – II)",THEORY,""
IT,Sem 8,"MC- 42aHS","Yoga Practice (Mandatory Non-Credit course)",THEORY,""
IT,Sem 8,"MC- 42bHS","NSS (Mandatory Non-Credit course)",THEORY,""
MECH,Sem 1,"BSC101","Physics",THEORY,""
MECH,Sem 1,"BSC101L","Physics-Practical",LAB,""
MECH,Sem 1,"BSC103","Mathematics-I",THEORY,""
MECH,Sem 1,"ESC101","Basic Electrical Engineering",THEORY,""
MECH,Sem 1,"ESC101L","Basic Electrical Engineering Lab",LAB,""
MECH,Sem 1,"ESC102","Engineering Graphics & Design",THEORY,""
MECH,Sem 1,"ESC102L","Engineering Graphics & Design Lab",LAB,""
MECH,Sem 2,"BSC102","Chemistry",THEORY,""
MECH,Sem 2,"BSC102L","Chemistry Laboratory",LAB,""
MECH,Sem 2,"BSC104","Mathematics-II",THEORY,""
MECH,Sem 2,"ESC103","Programming for Problem Solving",THEORY,""
MECH,Sem 2,"ESC103L","Programming for Problem Solving Lab",LAB,""
MECH,Sem 2,"HSMC101","English",THEORY,""
MECH,Sem 2,"HSMC101L","English Language Lab",LAB,""
MECH,Sem 2,"ESC104","Workshop/Manufacturing Practices",THEORY,""
MECH,Sem 3,"BSC-105","Mathematics - III (Statistics, Probability, and Numerical Techniques)",THEORY,""
MECH,Sem 3,"MC-210","Environmental Science",THEORY,""
MECH,Sem 3,"ME-211","Thermodynamics",THEORY,""
MECH,Sem 3,"ME-212","Mechanics of Solids",THEORY,""
MECH,Sem 3,"ME-213","Material Science and Metallurgy",THEORY,""
MECH,Sem 3,"ME-214","Manufacturing Science",THEORY,""
MECH,Sem 3,"ESC – 106","Applied Electronics",THEORY,""
MECH,Sem 4,"ME-220","Thermal Engineering",THEORY,""
MECH,Sem 4,"MC 220","Constitution of India",THEORY,""
MECH,Sem 4,"ME-221","Machine Tools & Metrology",THEORY,""
MECH,Sem 4,"ME-222","Design of Machine Elements – I",THEORY,""
MECH,Sem 4,"ME-223","Instrumentation and Control Systems",THEORY,""
MECH,Sem 4,"ME-224","Kinematics of Machinery",THEORY,""
MECH,Sem 5,"PC3101ME","Fluid Mechanics & Hydraulic Machines",THEORY,""
MECH,Sem 5,"PC3102ME","Dynamics of Machines",THEORY,""
MECH,Sem 5,"PC3103ME","Machine Design",THEORY,""
MECH,Sem 5,"PC3104ME","Production Planning and Control",THEORY,""
MECH,Sem 5,"PE3105ME","Design of Thermal Systems (Professional Elective - I)",THEORY,""
MECH,Sem 5,"PE3106ME","Non-conventional Energy Sources (Professional Elective - I)",THEORY,""
MECH,Sem 5,"PE3107ME","Power Plant Engineering (Professional Elective - I)",THEORY,""
MECH,Sem 5,"HS3108ELW","Law and Engineering",THEORY,""
MECH,Sem 6,"PC3201ME","Metal Cutting Science and Unconventional Machining",THEORY,""
MECH,Sem 6,"PC3202ME","Heat Transfer",THEORY,""
MECH,Sem 6,"PC3203ME","Refrigeration and Air Conditioning",THEORY,""
MECH,Sem 6,"PE3204ME","Finite Element Analysis (Professional Elective-II)",THEORY,""
MECH,Sem 6,"PE3205ME","Fatigue Creep and Fracture (Professional Elective-II)",THEORY,""
MECH,Sem 6,"PE3206ME","Theory of Elasticity (Professional Elective-II)",THEORY,""
MECH,Sem 6,"HS3208","Managerial Economics and Accountancy",THEORY,""
MECH,Sem 6,"OE3113EC","Microprocessors and Interfacing (Open Elective-I)",THEORY,""
MECH,Sem 6,"OE3207CS","Fundamentals of Data Structures (Open Elective-I)",THEORY,""
MECH,Sem 7,"PC4101ME","CAD/CAM",THEORY,""
MECH,Sem 7,"PC4102ME","Industrial Automation",THEORY,""
MECH,Sem 7,"PC4103ME","Advanced Material Science",THEORY,""
MECH,Sem 7,"PE4104ME","Computational Fluid Dynamics (Professional Elective-III)",THEORY,""
MECH,Sem 7,"PE4105ME","Mechatronics (Professional Elective-III)",THEORY,""
MECH,Sem 7,"PE4106ME","Tool Design (Professional Elective-III)",THEORY,""
MECH,Sem 7,"PE4107ME","Additive Manufacturing (Professional Elective-IV)",THEORY,""
MECH,Sem 7,"PE4108ME","Design for Manufacturing (Professional Elective-IV)",THEORY,""
MECH,Sem 7,"PE4109ME","Fuel Cell Technology (Professional Elective-IV)",THEORY,""
MECH,Sem 7,"OE4110EE","Energy Storage Systems (Open Elective-II)",THEORY,""
MECH,Sem 7,"OE4111EC","Optimization Techniques (Open Elective-II)",THEORY,""
MECH,Sem 7,"OE4112EC","Fundamentals of IOT (Open Elective-II)",THEORY,""
MECH,Sem 8,"PC4201ME","Industry 4.0",THEORY,""
MECH,Sem 8,"PE4202ME","Non Destructive Testing (Professional Elective-V)",THEORY,""
MECH,Sem 8,"PE4203ME","Total Quality Management (Professional Elective-V)",THEORY,""
MECH,Sem 8,"PE4204ME","Tribology (Professional Elective-V)",THEORY,""
MECH,Sem 8,"PE4205ME","Automobile Engineering (Professional Elective-VI)",THEORY,""
MECH,Sem 8,"PE4206ME","Micro Electro-Mechanical Systems (Professional Elective-VI)",THEORY,""
MECH,Sem 8,"PE4207ME","Industrial Robotics (Professional Elective-VI)",THEORY,""
MECH,Sem 8,"MC 42a HS","Yoga Practice",THEORY,""
MECH,Sem 8,"MC 42b HS","NSS",THEORY,""
